<?xml version="1.0" encoding="UTF-8"?>
<window>
	<defaultcontrol>9000</defaultcontrol>
	<include>Animation_DialogPopupOpenClose</include>
	<controls>
		<control type="group">
			<centerleft>50%</centerleft>
			<width>600</width>
			<centertop>50%</centertop>
			<height>700</height>
			<include content="DialogBackgroundCommons">
				<param name="width" value="600" />
				<param name="height" value="485" />
				<param name="header_label" value="$LOCALIZE[31072]" />
				<param name="header_id" value="2" />
				<param name="diffusetexture" value="masks/dialog-bg-squareish.png" />
			</include>
			<control type="panel" id="9000">
				<include>ButtonMenuList</include>
				<content>
					<item>
						<label>Reload skin</label>
						<onclick>Dialog.Close(all)</onclick>
						<onclick>ReloadSkin()</onclick>
					</item><item>
						<label>Skin settings</label>
						<onclick>Dialog.Close(all)</onclick>
						<onclick>ActivateWindow(SkinSettings.xml)</onclick>
					</item><item>
						<label>$LOCALIZE[13012]</label>
						<onclick>Quit()</onclick>
						<visible>System.ShowExitButton</visible>
					</item></content>
			</control>
		<include content="UpDownArrows">
			<param name="container_id" value="9000" />
			<param name="posx" value="276" />
			<param name="up_posy" value="-40" />
			<param name="down_posy" value="500" />
			</include>
		</control>
	</controls>
</window>
